epoch,time,train/box_loss,train/seg_loss,train/cls_loss,train/dfl_loss,train/sem_loss,metrics/precision(B),metrics/recall(B),metrics/mAP50(B),metrics/mAP50-95(B),metrics/precision(M),metrics/recall(M),metrics/mAP50(M),metrics/mAP50-95(M),val/box_loss,val/seg_loss,val/cls_loss,val/dfl_loss,val/sem_loss,lr/pg0,lr/pg1,lr/pg2
1,28.8674,1.73108,3.74822,3.75974,1.51568,0,0.02138,0.18841,0.01428,0.00646,0.02303,0.2029,0.01956,0.00812,1.37428,2.68111,3.61707,1.31359,0,1.667e-05,1.667e-05,1.667e-05
2,51.909,1.59562,3.31274,3.6032,1.46323,0,0.03912,0.36232,0.04449,0.01785,0.03443,0.31884,0.03799,0.01702,1.27047,2.52756,3.57947,1.25325,0,4.97625e-05,4.97625e-05,4.97625e-05
3,72.7637,1.68666,3.29972,3.57394,1.43342,0,0.05991,0.6087,0.11897,0.05644,0.04993,0.50725,0.09707,0.03916,1.23432,2.47853,3.52557,1.20984,0,8.25248e-05,8.25248e-05,8.25248e-05
4,92.5769,1.57656,3.12107,3.39865,1.32811,0,0.07303,0.75362,0.21988,0.11054,0.05478,0.56522,0.16853,0.06831,1.20384,2.63433,3.47274,1.16569,0,0.000114957,0.000114957,0.000114957
5,107.371,1.53383,3.01707,3.11253,1.37533,0,0.08593,0.84058,0.32479,0.14482,0.05926,0.57971,0.23045,0.08172,1.2051,2.75179,3.43633,1.13229,0,0.000147059,0.000147059,0.000147059
6,125.458,1.56394,2.90861,2.97298,1.25413,0,0.08967,0.85507,0.41413,0.19335,0.06231,0.5942,0.28671,0.12456,1.28503,2.69016,3.35817,1.13712,0,0.000178832,0.000178832,0.000178832
7,142.175,1.34532,2.53683,2.31136,1.1704,0,0.09161,0.85507,0.46699,0.24946,0.06832,0.63768,0.36867,0.17543,1.32465,2.29486,3.22476,1.1297,0,0.000210274,0.000210274,0.000210274
8,161.414,1.53361,2.73935,2.26069,1.2119,0,1,0.23478,0.456,0.25982,1,0.12587,0.40688,0.20188,1.2435,2.2269,3.04595,1.08843,0,0.000241386,0.000241386,0.000241386
9,180.061,1.23186,2.26042,1.93622,1.09995,0,1,0.15236,0.47838,0.27087,1,0.15236,0.41815,0.21974,1.21193,2.17156,2.94817,1.05759,0,0.000272168,0.000272168,0.000272168
10,195.973,1.41764,2.34453,1.82189,1.12954,0,0.99742,0.21739,0.49904,0.29943,1,0.21133,0.4529,0.25628,1.22605,2.02382,2.87637,1.05441,0,0.00030262,0.00030262,0.00030262
11,210.974,1.07909,1.95201,1.39153,1.02939,0,0.97928,0.23188,0.53215,0.31878,0.97928,0.23188,0.49778,0.27845,1.20735,2.00042,2.75967,1.04071,0,0.000332742,0.000332742,0.000332742
12,225.794,1.20255,2.0808,1.39688,1.04955,0,0.94377,0.24337,0.57693,0.35364,0.94377,0.24337,0.54791,0.27891,1.23166,1.88148,2.66029,1.04378,0,0.000362533,0.000362533,0.000362533
13,244.185,1.27739,2.25403,1.3875,1.12799,0,0.99831,0.27536,0.62215,0.37087,0.94577,0.26087,0.53345,0.27232,1.23977,1.91118,2.59594,1.05129,0,0.000391995,0.000391995,0.000391995
14,262.108,1.06228,1.90735,1.36168,1.03468,0,1,0.27676,0.70229,0.43005,0.94762,0.26227,0.57414,0.30025,1.25086,1.99802,2.51366,1.05265,0,0.000421127,0.000421127,0.000421127
15,278.983,1.18399,2.09921,1.28277,1.06741,0,1,0.29854,0.74827,0.47183,0.95143,0.28405,0.66941,0.36906,1.18079,1.79684,2.41169,1.03689,0,0.000449928,0.000449928,0.000449928
16,296.681,1.21752,1.98313,1.21847,1.06202,0,1,0.33905,0.77306,0.51368,1,0.3372,0.77415,0.42869,1.13448,1.6459,2.35044,1.03782,0,0.0004784,0.0004784,0.0004784
17,313.232,1.30487,2.30652,1.30846,1.09077,0,1,0.41017,0.82416,0.5307,1,0.41017,0.76281,0.45454,1.13439,1.55405,2.2701,1.04593,0,0.000506541,0.000506541,0.000506541
18,330.769,1.18934,2.18528,1.32276,1.07801,0,1,0.44588,0.82163,0.56791,1,0.44588,0.78391,0.48478,1.08251,1.48215,2.19078,1.03319,0,0.000534353,0.000534353,0.000534353
19,348.937,1.14644,2.02128,1.25275,1.0589,0,0.96973,0.46432,0.81735,0.59071,0.93946,0.44982,0.78528,0.49963,1.04866,1.50057,2.1112,1.01814,0,0.000561834,0.000561834,0.000561834
20,366.714,1.2001,2.28375,1.2501,1.12919,0,0.97108,0.48673,0.80828,0.55934,0.94216,0.47223,0.78264,0.46993,1.0814,1.5539,2.12875,1.05707,0,0.000588985,0.000588985,0.000588985
21,387.403,1.09167,1.82983,1.09426,1.0683,0,0.95433,0.46377,0.8016,0.56594,0.92451,0.44928,0.77673,0.47482,1.0955,1.54862,2.10884,1.05944,0,0.000615806,0.000615806,0.000615806
22,406.699,0.97625,1.73445,1.11777,1.03599,0,1,0.54161,0.82932,0.62338,1,0.54715,0.82999,0.54776,1.02499,1.46607,1.98615,1.02473,0,0.000642298,0.000642298,0.000642298
23,423.692,0.95455,1.57515,0.98284,0.99492,0,1,0.63419,0.85167,0.64155,1,0.63419,0.84436,0.5588,1.0447,1.38661,1.85005,1.03146,0,0.000668459,0.000668459,0.000668459
24,440.932,1.07211,1.94525,1.05421,1.0236,0,0.95584,0.69565,0.86437,0.61331,0.94026,0.68436,0.85368,0.53711,1.09357,1.38459,1.74443,1.04448,0,0.00069429,0.00069429,0.00069429
25,459.816,1.10022,1.98944,1.11481,1.05075,0,0.90385,0.68122,0.85842,0.62525,0.94231,0.7102,0.86752,0.53461,1.07379,1.44367,1.69281,1.03854,0,0.000719791,0.000719791,0.000719791
26,478.338,1.04995,1.89029,1.11175,1.01828,0,0.90477,0.68854,0.81274,0.61322,0.94253,0.71317,0.83672,0.53388,1.07385,1.36728,1.72302,1.03115,0,0.000744961,0.000744961,0.000744961
27,494.34,1.03719,2.00073,1.27636,1.06087,0,0.90157,0.63768,0.7899,0.58034,0.90157,0.63768,0.80547,0.5216,1.08447,1.39552,1.8072,1.03482,0,0.000769802,0.000769802,0.000769802
28,512.654,1.23491,2.11837,1.21991,1.09262,0,0.90157,0.63768,0.7899,0.58034,0.90157,0.63768,0.80547,0.5216,1.08447,1.39552,1.8072,1.03482,0,0.000794313,0.000794313,0.000794313
29,534.915,1.15361,2.18425,1.30621,1.07453,0,0.8914,0.65217,0.79378,0.62921,0.93587,0.68116,0.82046,0.53359,1.01935,1.3517,1.77414,1.02733,0,0.000818494,0.000818494,0.000818494
30,558.539,0.99099,1.60127,1.14632,1.03889,0,0.9569,0.71014,0.8633,0.64888,0.93737,0.69565,0.85346,0.55639,1.0333,1.30305,1.63253,1.01458,0,0.000842344,0.000842344,0.000842344
31,584.456,0.99051,1.56627,1.02873,1.03194,0,0.9569,0.71014,0.8633,0.64888,0.93737,0.69565,0.85346,0.55639,1.0333,1.30305,1.63253,1.01458,0,0.000865865,0.000865865,0.000865865
32,608.837,1.25149,2.36394,1.28946,1.18057,0,0.95634,0.71014,0.87582,0.64502,0.95791,0.71014,0.86838,0.56632,1.01186,1.29785,1.55055,1.0088,0,0.000889055,0.000889055,0.000889055
33,630.819,1.10472,1.81603,0.98722,1.03953,0,0.94118,0.69564,0.83113,0.6199,0.96078,0.71013,0.85606,0.56431,1.00302,1.32949,1.53653,1.00304,0,0.000911916,0.000911916,0.000911916
34,655.682,1.09456,2.01431,1.12347,1.06295,0,0.94118,0.69564,0.83113,0.6199,0.96078,0.71013,0.85606,0.56431,1.00302,1.32949,1.53653,1.00304,0,0.000934446,0.000934446,0.000934446
35,675.435,1.16262,2.02023,1.03061,1.04679,0,0.96192,0.72464,0.85318,0.63436,0.92379,0.70277,0.8499,0.56674,0.95041,1.41142,1.51004,0.99077,0,0.000956646,0.000956646,0.000956646
36,696.703,0.97709,1.75621,1.00696,1.01783,0,0.90431,0.75362,0.85071,0.639,0.90431,0.75362,0.86261,0.58515,0.90707,1.33777,1.38476,0.97432,0,0.000978516,0.000978516,0.000978516
37,719.678,1.17027,2.10918,1.03514,1.08295,0,0.90431,0.75362,0.85071,0.639,0.90431,0.75362,0.86261,0.58515,0.90707,1.33777,1.38476,0.97432,0,0.00100006,0.00100006,0.00100006
38,740.214,0.93829,1.79309,1.04219,1.01116,0,0.91196,0.75064,0.84521,0.64119,0.89435,0.73615,0.84482,0.57057,0.93388,1.33258,1.33749,0.97921,0,0.00102127,0.00102127,0.00102127
39,761.694,1.01231,1.71109,1.06369,1.04004,0,0.93237,0.76812,0.83805,0.61377,0.94604,0.73913,0.8364,0.51841,1.02053,1.49466,1.37297,1.00501,0,0.00104215,0.00104215,0.00104215
40,780.146,1.02689,1.66077,1.02514,1.04422,0,0.93237,0.76812,0.83805,0.61377,0.94604,0.73913,0.8364,0.51841,1.02053,1.49466,1.37297,1.00501,0,0.0010627,0.0010627,0.0010627
41,804.899,0.96833,1.72855,1.01538,1.01472,0,0.89564,0.75362,0.83107,0.60143,0.9105,0.73721,0.81956,0.48112,1.04374,1.58199,1.38881,1.01368,0,0.00108292,0.00108292,0.00108292
42,825.704,1.13609,1.83699,0.98535,1.0517,0,0.89323,0.7971,0.84353,0.62482,0.8597,0.76812,0.82502,0.5216,0.99267,1.44362,1.34441,0.99975,0,0.00110281,0.00110281,0.00110281
43,849.142,1.17737,2.11764,1.15602,1.06206,0,0.89323,0.7971,0.84353,0.62482,0.8597,0.76812,0.82502,0.5216,0.99267,1.44362,1.34441,0.99975,0,0.00112237,0.00112237,0.00112237
44,870.966,1.03677,1.98994,1.03328,1.0431,0,0.88993,0.78261,0.85017,0.62004,0.89204,0.78261,0.85263,0.53779,1.0479,1.38086,1.27786,1.00832,0,0.0011416,0.0011416,0.0011416
45,891.167,1.01175,1.81187,0.97132,1.02156,0,0.88993,0.78261,0.85017,0.62004,0.89204,0.78261,0.85263,0.53779,1.0479,1.38086,1.27786,1.00832,0,0.0011605,0.0011605,0.0011605
46,914.897,1.07834,1.89846,1.03908,1.02953,0,0.92523,0.78261,0.88017,0.64691,0.92523,0.78261,0.87282,0.57789,0.97838,1.34272,1.17119,0.98388,0,0.00117906,0.00117906,0.00117906
47,937.075,1.05042,1.64808,1.02602,1.04491,0,0.92523,0.78261,0.88017,0.64691,0.92523,0.78261,0.87282,0.57789,0.97838,1.34272,1.17119,0.98388,0,0.0011973,0.0011973,0.0011973
48,964.089,1.1618,2.04269,1.20095,1.09323,0,0.91076,0.84058,0.86716,0.67801,0.9362,0.85065,0.87962,0.57528,0.91023,1.37299,1.1547,0.96571,0,0.00121521,0.00121521,0.00121521
49,986.36,1.06222,1.76833,1.03582,1.06192,0,0.91076,0.84058,0.86716,0.67801,0.9362,0.85065,0.87962,0.57528,0.91023,1.37299,1.1547,0.96571,0,0.00123279,0.00123279,0.00123279
50,1010.68,1.17163,1.88985,1.08456,1.08004,0,0.91219,0.75277,0.82937,0.60749,0.94579,0.75856,0.84405,0.47891,0.98835,1.56359,1.20056,0.98226,0,0.00125004,0.00125004,0.00125004
51,1033.28,1.1294,1.87849,1.04331,1.05643,0,0.91219,0.75277,0.82937,0.60749,0.94579,0.75856,0.84405,0.47891,0.98835,1.56359,1.20056,0.98226,0,0.00125442,0.00125442,0.00125442
52,1053.58,1.1869,2.06746,1.11754,1.14504,0,0.92716,0.73795,0.82606,0.59653,0.92676,0.73366,0.80177,0.4471,0.91502,1.57716,1.23923,0.97687,0,0.00124617,0.00124617,0.00124617
53,1072.54,1.03534,1.83092,0.95475,1.02102,0,0.92716,0.73795,0.82606,0.59653,0.92676,0.73366,0.80177,0.4471,0.91502,1.57716,1.23923,0.97687,0,0.00123791,0.00123791,0.00123791
54,1091.95,0.93396,1.78029,0.98142,1.06415,0,0.91978,0.72464,0.83221,0.62576,0.90138,0.71014,0.79463,0.50717,0.93851,1.55021,1.23612,0.99568,0,0.00122966,0.00122966,0.00122966
55,1113.19,0.9518,1.78289,0.90454,1.00374,0,0.91978,0.72464,0.83221,0.62576,0.90138,0.71014,0.79463,0.50717,0.93851,1.55021,1.23612,0.99568,0,0.00122141,0.00122141,0.00122141
56,1133.7,1.06427,1.85288,0.92734,1.06968,0,0.8419,0.76812,0.83377,0.63899,0.82328,0.75362,0.81212,0.51936,0.9335,1.4662,1.16084,1.00539,0,0.00121316,0.00121316,0.00121316
57,1154.22,1.0022,1.73209,0.98502,1.02688,0,0.8419,0.76812,0.83377,0.63899,0.82328,0.75362,0.81212,0.51936,0.9335,1.4662,1.16084,1.00539,0,0.00120491,0.00120491,0.00120491
58,1175.58,1.12657,2.02459,1.11057,1.0889,0,0.94568,0.75692,0.85735,0.67358,0.96368,0.76908,0.8797,0.56758,0.84976,1.29595,1.09755,0.98887,0,0.00119666,0.00119666,0.00119666
59,1197,1.06715,1.88675,1.1641,1.07366,0,0.94568,0.75692,0.85735,0.67358,0.96368,0.76908,0.8797,0.56758,0.84976,1.29595,1.09755,0.98887,0,0.0011884,0.0011884,0.0011884
60,1217.92,1.13478,1.978,1.11611,1.12489,0,0.90468,0.82527,0.86604,0.64966,0.90468,0.82527,0.88891,0.55437,0.90325,1.30346,1.08747,0.97836,0,0.00118015,0.00118015,0.00118015
61,1239.36,1.06655,1.75634,1.03919,1.05703,0,0.90468,0.82527,0.86604,0.64966,0.90468,0.82527,0.88891,0.55437,0.90325,1.30346,1.08747,0.97836,0,0.0011719,0.0011719,0.0011719
62,1264.22,0.92415,1.54561,0.88846,0.99545,0,0.93104,0.78265,0.86352,0.66772,0.96552,0.81164,0.90293,0.6129,0.86708,1.20783,1.08719,0.96551,0,0.00116365,0.00116365,0.00116365
63,1281.31,0.81588,1.46601,1.18273,1.00732,0,0.93104,0.78265,0.86352,0.66772,0.96552,0.81164,0.90293,0.6129,0.86708,1.20783,1.08719,0.96551,0,0.0011554,0.0011554,0.0011554
64,1305.34,0.80598,1.34259,0.88377,0.96872,0,0.91663,0.7971,0.85729,0.67548,0.94155,0.82609,0.87665,0.63192,0.86929,1.1899,1.13157,0.96845,0,0.00114715,0.00114715,0.00114715
65,1329.22,1.10433,1.89036,0.96865,1.04559,0,0.91663,0.7971,0.85729,0.67548,0.94155,0.82609,0.87665,0.63192,0.86929,1.1899,1.13157,0.96845,0,0.00113889,0.00113889,0.00113889
66,1351.89,0.95749,1.85194,0.9734,1.01112,0,0.88291,0.78261,0.85372,0.66197,0.919,0.81159,0.86997,0.61835,0.87568,1.24748,1.17559,0.96391,0,0.00113064,0.00113064,0.00113064
67,1372.27,1.08458,1.74913,0.9575,1.06735,0,0.88291,0.78261,0.85372,0.66197,0.919,0.81159,0.86997,0.61835,0.87568,1.24748,1.17559,0.96391,0,0.00112239,0.00112239,0.00112239
68,1390.89,1.02017,1.79015,0.95899,1.01702,0,0.90647,0.84283,0.89715,0.70116,0.89089,0.82833,0.8881,0.52688,0.84924,1.48936,1.05728,0.96091,0,0.00111414,0.00111414,0.00111414
69,1410.65,0.87848,1.55929,0.86486,0.98137,0,0.90647,0.84283,0.89715,0.70116,0.89089,0.82833,0.8881,0.52688,0.84924,1.48936,1.05728,0.96091,0,0.00110589,0.00110589,0.00110589
70,1426.82,0.81349,1.43447,0.86739,0.96697,0,0.89843,0.76922,0.8933,0.69142,0.88185,0.75724,0.84762,0.52449,0.84405,1.45833,1.00071,0.96525,0,0.00109764,0.00109764,0.00109764
71,1443.54,0.9231,1.60114,0.87678,0.98489,0,0.89843,0.76922,0.8933,0.69142,0.88185,0.75724,0.84762,0.52449,0.84405,1.45833,1.00071,0.96525,0,0.00108938,0.00108938,0.00108938
72,1457.1,0.859,1.49106,0.81459,0.97891,0,0.88673,0.7971,0.87837,0.67074,0.93909,0.82609,0.91198,0.5845,0.91581,1.25328,0.98604,0.98411,0,0.00108113,0.00108113,0.00108113
73,1472.88,0.87264,1.50261,0.78731,0.96627,0,0.88673,0.7971,0.87837,0.67074,0.93909,0.82609,0.91198,0.5845,0.91581,1.25328,0.98604,0.98411,0,0.00107288,0.00107288,0.00107288
74,1488.07,1.03073,1.8502,0.92495,1.06751,0,0.91853,0.81709,0.8925,0.69828,0.9674,0.86013,0.92307,0.61092,0.89237,1.19897,0.94516,0.9771,0,0.00106463,0.00106463,0.00106463
75,1501.62,0.85951,1.35233,0.805,0.96272,0,0.91853,0.81709,0.8925,0.69828,0.9674,0.86013,0.92307,0.61092,0.89237,1.19897,0.94516,0.9771,0,0.00105638,0.00105638,0.00105638
76,1516.52,1.04395,1.97733,1.00285,1.0467,0,0.94988,0.84058,0.89809,0.70816,0.98359,0.86869,0.92607,0.61624,0.82644,1.22002,0.88688,0.96804,0,0.00104813,0.00104813,0.00104813
77,1532.81,0.94461,1.79033,0.8836,1.00747,0,0.94988,0.84058,0.89809,0.70816,0.98359,0.86869,0.92607,0.61624,0.82644,1.22002,0.88688,0.96804,0,0.00103987,0.00103987,0.00103987
78,1551.48,0.95992,1.77028,0.86097,0.98468,0,0.95875,0.7971,0.90288,0.70049,0.92413,0.85507,0.91714,0.57217,0.85392,1.35864,0.86737,0.97971,0,0.00103162,0.00103162,0.00103162
79,1566.18,0.87781,1.55092,0.78056,0.98341,0,0.95875,0.7971,0.90288,0.70049,0.92413,0.85507,0.91714,0.57217,0.85392,1.35864,0.86737,0.97971,0,0.00102337,0.00102337,0.00102337
80,1584.9,1.00348,1.73673,0.87847,0.98733,0,0.90775,0.82609,0.90592,0.69964,0.92368,0.84058,0.91626,0.58041,0.85348,1.26733,0.8265,0.98036,0,0.00101512,0.00101512,0.00101512
81,1600.97,0.84855,1.48433,0.82112,0.98451,0,0.90775,0.82609,0.90592,0.69964,0.92368,0.84058,0.91626,0.58041,0.85348,1.26733,0.8265,0.98036,0,0.00100687,0.00100687,0.00100687
82,1618.02,0.87813,1.39172,0.7707,0.95826,0,0.94155,0.88406,0.92383,0.72256,0.94155,0.88406,0.9289,0.64777,0.79819,1.13185,0.80586,0.95642,0,0.000998616,0.000998616,0.000998616
83,1635.85,0.9107,1.69201,0.85986,0.99741,0,0.94155,0.88406,0.92383,0.72256,0.94155,0.88406,0.9289,0.64777,0.79819,1.13185,0.80586,0.95642,0,0.000990365,0.000990365,0.000990365
84,1652.61,0.93072,1.65656,0.84272,1.02045,0,0.93324,0.88406,0.91317,0.73989,0.94854,0.89855,0.93556,0.65391,0.77778,1.13957,0.80943,0.93724,0,0.000982113,0.000982113,0.000982113
85,1667.7,0.90144,1.48634,0.79066,0.99134,0,0.93324,0.88406,0.91317,0.73989,0.94854,0.89855,0.93556,0.65391,0.77778,1.13957,0.80943,0.93724,0,0.000973861,0.000973861,0.000973861
86,1683.48,0.86899,1.50878,0.79913,0.97431,0,0.93663,0.89855,0.91377,0.74294,0.95201,0.91304,0.93781,0.65584,0.76726,1.13884,0.80795,0.94155,0,0.00096561,0.00096561,0.00096561
87,1697.91,0.85312,1.35185,0.80142,0.95851,0,0.93663,0.89855,0.91377,0.74294,0.95201,0.91304,0.93781,0.65584,0.76726,1.13884,0.80795,0.94155,0,0.000957358,0.000957358,0.000957358
88,1712,0.98418,1.73093,0.89273,0.99354,0,0.93938,0.89835,0.91577,0.74021,0.95454,0.91284,0.93733,0.6287,0.78482,1.17555,0.81807,0.9544,0,0.000949106,0.000949106,0.000949106
89,1728.17,1.04108,1.73042,0.86008,1.02105,0,0.93938,0.89835,0.91577,0.74021,0.95454,0.91284,0.93733,0.6287,0.78482,1.17555,0.81807,0.9544,0,0.000940855,0.000940855,0.000940855
90,1744.92,0.88754,1.53729,0.76818,0.9857,0,0.94683,0.89855,0.93585,0.74695,0.94683,0.89855,0.93828,0.62899,0.77193,1.15547,0.81615,0.95645,0,0.000932603,0.000932603,0.000932603
91,1761.73,1.03526,1.6611,0.88289,1.08063,0,0.94683,0.89855,0.93585,0.74695,0.94683,0.89855,0.93828,0.62899,0.77193,1.15547,0.81615,0.95645,0,0.000924352,0.000924352,0.000924352
92,1779.66,0.83367,1.39063,0.72414,0.94721,0,0.95374,0.89648,0.93174,0.73467,0.95374,0.89648,0.93457,0.64194,0.78002,1.09411,0.8129,0.94868,0,0.0009161,0.0009161,0.0009161
93,1796.6,0.81567,1.30873,0.77312,0.98916,0,0.95374,0.89648,0.93174,0.73467,0.95374,0.89648,0.93457,0.64194,0.78002,1.09411,0.8129,0.94868,0,0.000907848,0.000907848,0.000907848
94,1815.41,0.84815,1.52157,0.7192,0.93857,0,0.95217,0.88406,0.92525,0.72724,0.95217,0.88406,0.92448,0.653,0.76276,1.06605,0.81092,0.94184,0,0.000899597,0.000899597,0.000899597
95,1834.33,0.95062,1.77108,0.85671,1.02968,0,0.95217,0.88406,0.92525,0.72724,0.95217,0.88406,0.92448,0.653,0.76276,1.06605,0.81092,0.94184,0,0.000891345,0.000891345,0.000891345
96,1854.88,0.92368,1.55443,0.81843,0.99649,0,0.9547,0.88406,0.90499,0.73699,0.97775,0.88406,0.92975,0.62784,0.75836,1.07599,0.80065,0.94039,0,0.000883093,0.000883093,0.000883093
97,1874.76,0.88202,1.4893,0.79152,0.95527,0,0.9547,0.88406,0.90499,0.73699,0.97775,0.88406,0.92975,0.62784,0.75836,1.07599,0.80065,0.94039,0,0.000874842,0.000874842,0.000874842
98,1892.38,0.82987,1.39674,0.73597,0.95699,0,0.96806,0.8786,0.9072,0.7422,0.95198,0.86193,0.90416,0.61403,0.74134,1.08882,0.77127,0.94117,0,0.00086659,0.00086659,0.00086659
99,1910.02,0.99497,1.8096,0.87068,1.0584,0,0.96806,0.8786,0.9072,0.7422,0.95198,0.86193,0.90416,0.61403,0.74134,1.08882,0.77127,0.94117,0,0.000858338,0.000858338,0.000858338
100,1925.33,0.88931,1.59457,0.75725,0.98233,0,0.95856,0.86957,0.91102,0.74389,0.98351,0.86462,0.92913,0.65037,0.69997,1.06583,0.7579,0.93569,0,0.000850087,0.000850087,0.000850087
101,1945.85,0.89628,1.51428,0.81339,0.98937,0,0.95856,0.86957,0.91102,0.74389,0.98351,0.86462,0.92913,0.65037,0.69997,1.06583,0.7579,0.93569,0,0.000841835,0.000841835,0.000841835
102,1964.22,0.86789,1.46196,0.74298,0.95235,0,0.9671,0.85199,0.91158,0.74301,0.98355,0.86649,0.92409,0.65158,0.71874,1.07698,0.76541,0.93931,0,0.000833583,0.000833583,0.000833583
103,1981.39,0.94613,1.72025,0.78981,0.99191,0,0.9671,0.85199,0.91158,0.74301,0.98355,0.86649,0.92409,0.65158,0.71874,1.07698,0.76541,0.93931,0,0.000825332,0.000825332,0.000825332
104,1999.39,0.93131,1.61843,0.74043,0.98064,0,0.96759,0.86543,0.91804,0.7513,1,0.86862,0.93174,0.6711,0.71981,1.06546,0.75269,0.94027,0,0.00081708,0.00081708,0.00081708
105,2016.58,0.96444,1.71002,0.75536,0.9585,0,0.96759,0.86543,0.91804,0.7513,1,0.86862,0.93174,0.6711,0.71981,1.06546,0.75269,0.94027,0,0.000808828,0.000808828,0.000808828
106,2032.91,0.96337,1.67424,0.77024,1.01255,0,0.98381,0.88051,0.93234,0.75815,0.97921,0.86957,0.93545,0.6773,0.70425,1.08691,0.72491,0.936,0,0.000800577,0.000800577,0.000800577
107,2051.2,0.94314,1.62495,0.7756,0.94773,0,0.98381,0.88051,0.93234,0.75815,0.97921,0.86957,0.93545,0.6773,0.70425,1.08691,0.72491,0.936,0,0.000792325,0.000792325,0.000792325
108,2067.55,0.83625,1.36006,0.75417,0.97625,0,0.99106,0.88406,0.93398,0.76303,1,0.87541,0.93196,0.65965,0.7052,1.11555,0.71061,0.93496,0,0.000784073,0.000784073,0.000784073
109,2086.16,0.86338,1.4257,0.7336,0.9543,0,0.99106,0.88406,0.93398,0.76303,1,0.87541,0.93196,0.65965,0.7052,1.11555,0.71061,0.93496,0,0.000775822,0.000775822,0.000775822
110,2105.39,0.78296,1.33911,0.69761,0.95537,0,0.96809,0.87943,0.91862,0.74491,0.98428,0.90755,0.93042,0.64494,0.71806,1.1493,0.71783,0.93063,0,0.00076757,0.00076757,0.00076757
111,2122.07,0.81808,1.36095,0.73537,0.96517,0,0.96809,0.87943,0.91862,0.74491,0.98428,0.90755,0.93042,0.64494,0.71806,1.1493,0.71783,0.93063,0,0.000759318,0.000759318,0.000759318
112,2138.19,0.88868,1.59067,0.76553,0.95862,0,0.96339,0.88406,0.91336,0.74513,0.98432,0.90979,0.92896,0.64418,0.7274,1.14072,0.72711,0.93088,0,0.000751067,0.000751067,0.000751067
113,2155.07,0.77409,1.39589,0.69145,0.9489,0,0.96339,0.88406,0.91336,0.74513,0.98432,0.90979,0.92896,0.64418,0.7274,1.14072,0.72711,0.93088,0,0.000742815,0.000742815,0.000742815
114,2172.79,0.84775,1.57351,0.86942,1.04216,0,0.93652,0.88406,0.9091,0.74431,0.96722,0.91304,0.92879,0.65595,0.71227,1.10564,0.73772,0.92912,0,0.000734564,0.000734564,0.000734564
115,2191.19,0.80124,1.35981,0.71274,0.94984,0,0.93652,0.88406,0.9091,0.74431,0.96722,0.91304,0.92879,0.65595,0.71227,1.10564,0.73772,0.92912,0,0.000726312,0.000726312,0.000726312
116,2211.2,0.84174,1.44945,0.77789,0.97735,0,0.93689,0.88406,0.90605,0.7536,0.95245,0.89855,0.93892,0.65507,0.70693,1.10311,0.72683,0.92883,0,0.00071806,0.00071806,0.00071806
117,2231.99,0.87652,1.54387,0.77924,0.98088,0,0.93689,0.88406,0.90605,0.7536,0.95245,0.89855,0.93892,0.65507,0.70693,1.10311,0.72683,0.92883,0,0.000709809,0.000709809,0.000709809
118,2253.47,0.89179,1.63411,0.74963,1.01099,0,0.94263,0.89855,0.92467,0.75582,0.94263,0.89855,0.93812,0.64315,0.71418,1.13235,0.73642,0.93357,0,0.000701557,0.000701557,0.000701557
119,2274.6,0.79753,1.3812,0.70471,0.94189,0,0.94263,0.89855,0.92467,0.75582,0.94263,0.89855,0.93812,0.64315,0.71418,1.13235,0.73642,0.93357,0,0.000693305,0.000693305,0.000693305
120,2294.41,0.80947,1.47012,0.74716,0.9929,0,0.93197,0.88406,0.90444,0.74534,0.94771,0.89855,0.93821,0.65268,0.71543,1.10435,0.72815,0.93249,0,0.000685054,0.000685054,0.000685054
121,2315.16,0.96856,1.794,0.83547,0.97576,0,0.93197,0.88406,0.90444,0.74534,0.94771,0.89855,0.93821,0.65268,0.71543,1.10435,0.72815,0.93249,0,0.000676802,0.000676802,0.000676802
122,2334.53,0.96604,1.73563,0.89157,1.01964,0,0.92415,0.88293,0.90075,0.73331,0.95195,0.85507,0.93353,0.64359,0.72329,1.09395,0.72693,0.93044,0,0.00066855,0.00066855,0.00066855
123,2354.1,0.83195,1.57728,0.77764,1.02316,0,0.92415,0.88293,0.90075,0.73331,0.95195,0.85507,0.93353,0.64359,0.72329,1.09395,0.72693,0.93044,0,0.000660299,0.000660299,0.000660299
124,2375.43,0.9077,1.59776,0.75162,0.98095,0,0.92339,0.88406,0.90119,0.74445,0.95929,0.84058,0.91009,0.64542,0.70934,1.09277,0.73257,0.93129,0,0.000652047,0.000652047,0.000652047
125,2396.43,0.86605,1.40376,0.74085,0.93887,0,0.92339,0.88406,0.90119,0.74445,0.95929,0.84058,0.91009,0.64542,0.70934,1.09277,0.73257,0.93129,0,0.000643795,0.000643795,0.000643795
126,2415.44,0.82583,1.38869,0.67067,0.92965,0,0.90962,0.87523,0.9077,0.74405,0.94608,0.85507,0.91971,0.65138,0.7038,1.0786,0.73035,0.93698,0,0.000635544,0.000635544,0.000635544
127,2434.55,0.86146,1.50163,0.74861,0.98132,0,0.90962,0.87523,0.9077,0.74405,0.94608,0.85507,0.91971,0.65138,0.7038,1.0786,0.73035,0.93698,0,0.000627292,0.000627292,0.000627292
128,2455.81,0.82264,1.33208,0.68535,0.95207,0,0.87179,0.86957,0.90033,0.72912,0.90364,0.86957,0.92332,0.64582,0.72299,1.07484,0.75166,0.94801,0,0.00061904,0.00061904,0.00061904
129,2477.59,0.81752,1.39598,0.69618,0.93908,0,0.87179,0.86957,0.90033,0.72912,0.90364,0.86957,0.92332,0.64582,0.72299,1.07484,0.75166,0.94801,0,0.000610789,0.000610789,0.000610789
130,2496.99,0.72078,1.11731,0.67442,0.95876,0,0.84906,0.89678,0.9148,0.72666,0.91126,0.89301,0.9397,0.67293,0.741,1.06539,0.75746,0.9482,0,0.000602537,0.000602537,0.000602537
131,2517,0.84371,1.47052,0.71529,0.93465,0,0.84906,0.89678,0.9148,0.72666,0.91126,0.89301,0.9397,0.67293,0.741,1.06539,0.75746,0.9482,0,0.000594286,0.000594286,0.000594286
132,2538.96,0.92577,1.73746,0.77698,0.98685,0,0.88651,0.90568,0.93976,0.74691,0.89782,0.91304,0.9323,0.68114,0.7106,1.04637,0.74386,0.93982,0,0.000586034,0.000586034,0.000586034
133,2559.74,0.76644,1.35087,0.67494,0.94983,0,0.88651,0.90568,0.93976,0.74691,0.89782,0.91304,0.9323,0.68114,0.7106,1.04637,0.74386,0.93982,0,0.000577782,0.000577782,0.000577782
134,2580.43,0.74544,1.15699,0.63416,0.96393,0,0.90561,0.86957,0.92912,0.76006,0.92729,0.92416,0.94047,0.68181,0.68198,1.03269,0.7241,0.93172,0,0.000569531,0.000569531,0.000569531
135,2602.72,0.83514,1.38982,0.73199,0.97534,0,0.90561,0.86957,0.92912,0.76006,0.92729,0.92416,0.94047,0.68181,0.68198,1.03269,0.7241,0.93172,0,0.000561279,0.000561279,0.000561279
136,2625.92,0.78115,1.33209,0.6489,0.91773,0,0.9114,0.89454,0.93844,0.75607,0.95375,0.8967,0.93577,0.68361,0.68845,1.04308,0.71722,0.92898,0,0.000553027,0.000553027,0.000553027
137,2647.47,0.8244,1.35822,0.72946,0.98872,0,0.9114,0.89454,0.93844,0.75607,0.95375,0.8967,0.93577,0.68361,0.68845,1.04308,0.71722,0.92898,0,0.000544776,0.000544776,0.000544776
138,2669.45,0.83059,1.42149,0.73362,0.97275,0,0.9371,0.86376,0.9342,0.76165,0.95301,0.88185,0.94714,0.66431,0.6881,1.05496,0.70349,0.93014,0,0.000536524,0.000536524,0.000536524
139,2689.53,0.86728,1.48286,0.72539,0.95811,0,0.9371,0.86376,0.9342,0.76165,0.95301,0.88185,0.94714,0.66431,0.6881,1.05496,0.70349,0.93014,0,0.000528272,0.000528272,0.000528272
140,2712.25,0.89382,1.46814,0.78331,0.95832,0,0.95796,0.86957,0.93544,0.76612,0.95796,0.86957,0.93152,0.65818,0.67662,1.05428,0.68931,0.93102,0,0.000520021,0.000520021,0.000520021
141,2735.19,0.89815,1.56611,0.83715,1.00687,0,0.95796,0.86957,0.93544,0.76612,0.95796,0.86957,0.93152,0.65818,0.67662,1.05428,0.68931,0.93102,0,0.000511769,0.000511769,0.000511769
142,2756.87,0.87955,1.57052,0.77754,0.96949,0,0.99456,0.88406,0.94024,0.76203,0.99456,0.88406,0.94117,0.67804,0.66864,1.02757,0.66456,0.92862,0,0.000503517,0.000503517,0.000503517
143,2778.89,0.89504,1.66748,0.75177,1.02755,0,0.99456,0.88406,0.94024,0.76203,0.99456,0.88406,0.94117,0.67804,0.66864,1.02757,0.66456,0.92862,0,0.000495266,0.000495266,0.000495266
144,2798.14,0.74755,1.18138,0.70207,0.92634,0,0.96318,0.89855,0.93874,0.76816,0.95501,0.92303,0.95141,0.68464,0.65418,1.00544,0.65263,0.92272,0,0.000487014,0.000487014,0.000487014
145,2816.46,0.91147,1.67175,0.7865,0.97753,0,0.96318,0.89855,0.93874,0.76816,0.95501,0.92303,0.95141,0.68464,0.65418,1.00544,0.65263,0.92272,0,0.000478762,0.000478762,0.000478762
146,2833.77,0.83862,1.48316,0.72807,0.95672,0,0.97634,0.88406,0.93892,0.78489,0.95517,0.92638,0.95273,0.67863,0.63156,1.00745,0.64596,0.91502,0,0.000470511,0.000470511,0.000470511
147,2852.04,0.94143,1.723,0.76764,0.99323,0,0.97634,0.88406,0.93892,0.78489,0.95517,0.92638,0.95273,0.67863,0.63156,1.00745,0.64596,0.91502,0,0.000462259,0.000462259,0.000462259
148,2869.84,0.78999,1.30633,0.6713,0.91796,0,0.95918,0.86957,0.92375,0.78239,0.94632,0.91304,0.94121,0.66093,0.6272,1.01973,0.6455,0.91325,0,0.000454007,0.000454007,0.000454007
149,2886.59,0.92234,1.5998,0.68014,0.98925,0,0.95918,0.86957,0.92375,0.78239,0.94632,0.91304,0.94121,0.66093,0.6272,1.01973,0.6455,0.91325,0,0.000445756,0.000445756,0.000445756
150,2901.37,0.73401,1.1952,0.63106,0.90857,0,0.94615,0.86957,0.92327,0.78452,0.96914,0.91038,0.9402,0.64598,0.62469,1.02795,0.64804,0.9129,0,0.000437504,0.000437504,0.000437504
151,2917.28,0.91506,1.58341,0.69029,0.95955,0,0.94615,0.86957,0.92327,0.78452,0.96914,0.91038,0.9402,0.64598,0.62469,1.02795,0.64804,0.9129,0,0.000429253,0.000429253,0.000429253
152,2934.71,0.85712,1.48505,0.74332,1.00362,0,0.95304,0.88237,0.9217,0.78007,0.96449,0.91304,0.93949,0.64747,0.62998,1.02164,0.64773,0.91396,0,0.000421001,0.000421001,0.000421001
153,2953.41,0.90818,1.68446,0.76119,0.96294,0,0.95304,0.88237,0.9217,0.78007,0.96449,0.91304,0.93949,0.64747,0.62998,1.02164,0.64773,0.91396,0,0.000412749,0.000412749,0.000412749
154,2971.07,0.79028,1.36153,0.68343,0.95077,0,0.96284,0.89855,0.93744,0.78973,0.96916,0.91088,0.93964,0.64982,0.62265,1.01226,0.64188,0.91075,0,0.000404498,0.000404498,0.000404498
155,2988.17,0.87054,1.6313,0.69762,0.99108,0,0.96284,0.89855,0.93744,0.78973,0.96916,0.91088,0.93964,0.64982,0.62265,1.01226,0.64188,0.91075,0,0.000396246,0.000396246,0.000396246
156,3004.63,0.83439,1.46835,0.68657,0.94901,0,0.95231,0.89855,0.93871,0.79547,0.95249,0.91304,0.9404,0.6469,0.61452,1.01759,0.64076,0.90753,0,0.000387994,0.000387994,0.000387994
157,3020.11,0.83449,1.39207,0.72975,0.98179,0,0.95231,0.89855,0.93871,0.79547,0.95249,0.91304,0.9404,0.6469,0.61452,1.01759,0.64076,0.90753,0,0.000379743,0.000379743,0.000379743
158,3036.98,0.9152,1.55107,0.74589,0.97617,0,0.95973,0.89855,0.93726,0.79929,0.95149,0.91304,0.94008,0.64891,0.60099,1.04034,0.64105,0.9065,0,0.000371491,0.000371491,0.000371491
159,3055.32,0.89653,1.64127,0.72395,0.9762,0,0.95973,0.89855,0.93726,0.79929,0.95149,0.91304,0.94008,0.64891,0.60099,1.04034,0.64105,0.9065,0,0.000363239,0.000363239,0.000363239
160,3071.32,0.94106,1.62118,0.72829,0.96517,0,0.93791,0.88406,0.92845,0.80065,0.93515,0.89855,0.93054,0.64984,0.61103,1.04686,0.63552,0.9108,0,0.000354988,0.000354988,0.000354988
161,3087.57,0.90953,1.65614,0.77314,1.00303,0,0.93791,0.88406,0.92845,0.80065,0.93515,0.89855,0.93054,0.64984,0.61103,1.04686,0.63552,0.9108,0,0.000346736,0.000346736,0.000346736
162,3101.72,0.69116,1.19834,0.69563,0.91613,0,0.93503,0.88406,0.92925,0.79851,0.93922,0.89581,0.9309,0.66078,0.61882,1.03619,0.63007,0.91319,0,0.000338484,0.000338484,0.000338484
163,3118.69,0.73347,1.35742,0.65411,0.91847,0,0.93503,0.88406,0.92925,0.79851,0.93922,0.89581,0.9309,0.66078,0.61882,1.03619,0.63007,0.91319,0,0.000330233,0.000330233,0.000330233
164,3137.5,0.82807,1.41919,0.72118,0.93642,0,0.95271,0.87607,0.92887,0.80372,0.94102,0.92492,0.94163,0.66838,0.60519,1.01031,0.62671,0.90906,0,0.000321981,0.000321981,0.000321981
165,3154.12,0.77836,1.39913,0.66189,0.95033,0,0.95271,0.87607,0.92887,0.80372,0.94102,0.92492,0.94163,0.66838,0.60519,1.01031,0.62671,0.90906,0,0.000313729,0.000313729,0.000313729
166,3170.04,0.79041,1.33932,0.64108,0.91837,0,0.92224,0.89855,0.92727,0.80559,0.95217,0.92754,0.95166,0.68911,0.59979,0.98841,0.62705,0.90811,0,0.000305478,0.000305478,0.000305478
167,3187.45,0.87467,1.59523,0.74463,0.98106,0,0.92224,0.89855,0.92727,0.80559,0.95217,0.92754,0.95166,0.68911,0.59979,0.98841,0.62705,0.90811,0,0.000297226,0.000297226,0.000297226
168,3203.01,0.84735,1.44645,0.70248,0.97767,0,0.92613,0.90852,0.92683,0.81107,0.94919,0.92754,0.95177,0.69344,0.59096,0.97756,0.62146,0.90742,0,0.000288974,0.000288974,0.000288974
169,3222.43,0.84751,1.55397,0.72183,0.97267,0,0.92613,0.90852,0.92683,0.81107,0.94919,0.92754,0.95177,0.69344,0.59096,0.97756,0.62146,0.90742,0,0.000280723,0.000280723,0.000280723
170,3244.93,0.91567,1.73102,0.89373,1.0239,0,0.92615,0.90883,0.92737,0.8219,0.94888,0.92754,0.95198,0.69624,0.58751,0.97371,0.6158,0.90614,0,0.000272471,0.000272471,0.000272471
171,3268.79,0.90142,1.71586,0.91251,1.01325,0,0.92615,0.90883,0.92737,0.8219,0.94888,0.92754,0.95198,0.69624,0.58751,0.97371,0.6158,0.90614,0,0.00026422,0.00026422,0.00026422
172,3292.39,0.96488,1.8175,0.88096,1.09052,0,0.92599,0.90668,0.92745,0.81934,0.94809,0.92754,0.953,0.70187,0.59022,0.96707,0.61875,0.90705,0,0.000255968,0.000255968,0.000255968
173,3312.4,0.82566,1.39679,0.67583,0.94233,0,0.92599,0.90668,0.92745,0.81934,0.94809,0.92754,0.953,0.70187,0.59022,0.96707,0.61875,0.90705,0,0.000247716,0.000247716,0.000247716
174,3332.99,0.7763,1.39806,0.67917,0.95968,0,0.92601,0.90701,0.92818,0.81603,0.96075,0.92754,0.95413,0.70244,0.59353,0.95649,0.61106,0.90754,0,0.000239465,0.000239465,0.000239465
175,3354.3,0.7524,1.36162,0.63838,0.98472,0,0.92601,0.90701,0.92818,0.81603,0.96075,0.92754,0.95413,0.70244,0.59353,0.95649,0.61106,0.90754,0,0.000231213,0.000231213,0.000231213
176,3376.02,0.81816,1.3637,0.65195,0.94156,0,0.93155,0.91304,0.9276,0.81269,0.96959,0.9241,0.95405,0.70181,0.5846,0.94497,0.60832,0.90528,0,0.000222961,0.000222961,0.000222961
177,3398.03,0.86008,1.3755,0.68281,0.95002,0,0.93155,0.91304,0.9276,0.81269,0.96959,0.9241,0.95405,0.70181,0.5846,0.94497,0.60832,0.90528,0,0.00021471,0.00021471,0.00021471
178,3419.42,0.8206,1.4641,0.69279,0.97621,0,0.93453,0.91304,0.92841,0.81948,0.95455,0.91311,0.95403,0.6963,0.57393,0.94008,0.60468,0.90339,0,0.000206458,0.000206458,0.000206458
179,3440.83,0.75252,1.37652,0.60899,0.91886,0,0.93453,0.91304,0.92841,0.81948,0.95455,0.91311,0.95403,0.6963,0.57393,0.94008,0.60468,0.90339,0,0.000198206,0.000198206,0.000198206
180,3463.64,0.83054,1.59951,0.66544,0.95049,0,0.93411,0.91304,0.92792,0.81621,0.9528,0.91304,0.9487,0.69867,0.56997,0.94088,0.59803,0.90211,0,0.000189955,0.000189955,0.000189955
181,3486.77,0.77863,1.31512,0.67092,0.93459,0,0.93411,0.91304,0.92792,0.81621,0.9528,0.91304,0.9487,0.69867,0.56997,0.94088,0.59803,0.90211,0,0.000181703,0.000181703,0.000181703
182,3503.58,0.83316,1.42094,0.68693,0.95265,0,0.95194,0.91304,0.93119,0.81708,0.95928,0.91304,0.95088,0.69527,0.56767,0.94321,0.59316,0.89999,0,0.000173451,0.000173451,0.000173451
183,3520.58,0.82754,1.4456,0.67543,0.96058,0,0.95194,0.91304,0.93119,0.81708,0.95928,0.91304,0.95088,0.69527,0.56767,0.94321,0.59316,0.89999,0,0.0001652,0.0001652,0.0001652
184,3539.17,0.86806,1.63624,0.74905,0.98852,0,0.95416,0.90504,0.93279,0.80614,0.96265,0.91304,0.95185,0.6981,0.57055,0.94375,0.59223,0.89973,0,0.000156948,0.000156948,0.000156948
185,3557.21,0.83126,1.44193,0.71536,0.95225,0,0.95416,0.90504,0.93279,0.80614,0.96265,0.91304,0.95185,0.6981,0.57055,0.94375,0.59223,0.89973,0,0.000148696,0.000148696,0.000148696
186,3573.58,0.72158,1.24576,0.66341,0.94973,0,0.94025,0.91219,0.93199,0.80861,0.94917,0.91304,0.95108,0.7023,0.57605,0.94217,0.58677,0.89924,0,0.000140445,0.000140445,0.000140445
187,3588.69,0.72204,1.18302,0.62426,0.89893,0,0.94025,0.91219,0.93199,0.80861,0.94917,0.91304,0.95108,0.7023,0.57605,0.94217,0.58677,0.89924,0,0.000132193,0.000132193,0.000132193
188,3603.61,0.843,1.5704,0.72972,1.01969,0,0.95384,0.89845,0.93147,0.80576,0.9511,0.91304,0.94972,0.70418,0.57759,0.94216,0.5835,0.89789,0,0.000123941,0.000123941,0.000123941
189,3618.35,0.73795,1.3325,0.63893,0.92648,0,0.95384,0.89845,0.93147,0.80576,0.9511,0.91304,0.94972,0.70418,0.57759,0.94216,0.5835,0.89789,0,0.00011569,0.00011569,0.00011569
190,3634.39,0.87394,1.62591,0.71653,0.94933,0,0.95369,0.89547,0.9301,0.80912,0.96967,0.92656,0.95513,0.70815,0.57586,0.94338,0.57701,0.89701,0,0.000107438,0.000107438,0.000107438
191,3647.8,0.73889,1.27141,0.72312,0.93467,0,0.95369,0.89547,0.9301,0.80912,0.96967,0.92656,0.95513,0.70815,0.57586,0.94338,0.57701,0.89701,0,9.91865e-05,9.91865e-05,9.91865e-05
192,3661.16,0.69914,1.19072,0.7905,0.8896,0,0.95364,0.89434,0.93212,0.81752,0.96958,0.92382,0.95519,0.70967,0.57475,0.94623,0.57088,0.8962,0,9.09349e-05,9.09349e-05,9.09349e-05
193,3674.18,0.68378,1.17867,0.72843,0.94888,0,0.95364,0.89434,0.93212,0.81752,0.96958,0.92382,0.95519,0.70967,0.57475,0.94623,0.57088,0.8962,0,8.26832e-05,8.26832e-05,8.26832e-05
194,3688.74,0.68214,1.14174,0.76751,0.92516,0,0.95363,0.89415,0.9311,0.81745,0.96958,0.92392,0.95506,0.70399,0.57354,0.94569,0.57581,0.89415,0,7.44316e-05,7.44316e-05,7.44316e-05
195,3704.72,0.59267,1.05558,0.70227,0.89312,0,0.95363,0.89415,0.9311,0.81745,0.96958,0.92392,0.95506,0.70399,0.57354,0.94569,0.57581,0.89415,0,6.61799e-05,6.61799e-05,6.61799e-05
196,3724.99,0.68209,1.08279,0.70157,0.90683,0,0.95373,0.89624,0.9445,0.81887,0.95854,0.91304,0.94463,0.70777,0.57547,0.94364,0.57477,0.89363,0,5.79283e-05,5.79283e-05,5.79283e-05
197,3746.06,0.72963,1.26371,0.78033,0.91187,0,0.95373,0.89624,0.9445,0.81887,0.95854,0.91304,0.94463,0.70777,0.57547,0.94364,0.57477,0.89363,0,4.96766e-05,4.96766e-05,4.96766e-05
198,3769.37,0.67217,1.26513,0.80382,0.92622,0,0.9538,0.89753,0.94431,0.80926,0.9547,0.9163,0.94396,0.70784,0.57679,0.94189,0.57447,0.89314,0,4.1425e-05,4.1425e-05,4.1425e-05
199,3785.52,0.68856,1.22306,0.94378,0.9356,0,0.9538,0.89753,0.94431,0.80926,0.9547,0.9163,0.94396,0.70784,0.57679,0.94189,0.57447,0.89314,0,3.31733e-05,3.31733e-05,3.31733e-05
200,3801.57,0.63755,1.21565,0.74519,0.86289,0,0.94821,0.89855,0.94434,0.80716,0.95479,0.91823,0.94632,0.70939,0.57955,0.94346,0.57422,0.89324,0,2.49217e-05,2.49217e-05,2.49217e-05
